ID,first_name,last_name,email,Q1,Q2,Q3,Q4
VAN_0431,survey2,survey3,survey4,survey5,survey6,survey7,survey8
VAN_0589,survey2,survey3,survey4,survey5,survey6,survey7,survey8
VAN_1323,survey2,survey3,survey4,survey5,survey6,survey7,survey8
VAN_1377,survey2,survey3,survey4,survey5,survey6,survey7,survey8
VAN_1475,survey2,survey3,survey4,survey5,survey6,survey7,survey8
VAN_2085,survey2,survey3,survey4,survey5,survey6,survey7,survey8
VAN_2090,survey2,survey3,survey4,survey5,survey6,survey7,survey8
VAN_2595,survey2,survey3,survey4,survey5,survey6,survey7,survey8
VAN_2680,survey2,survey3,survey4,survey5,survey6,survey7,survey8
VAN_3607,survey2,survey3,survey4,survey5,survey6,survey7,survey8
VAN_3655,survey2,survey3,survey4,survey5,survey6,survey7,survey8
VAN_3750,survey2,survey3,survey4,survey5,survey6,survey7,survey8
VAN_3881,survey2,survey3,survey4,survey5,survey6,survey7,survey8
VAN_0051,survey2,survey3,survey4,survey5,survey6,survey7,survey8
VAN_7526,survey2,survey3,survey4,survey5,survey6,survey7,survey8
VAN_0506,survey2,survey3,survey4,survey5,survey6,survey7,survey8